-- phpMyAdmin SQL Dump
-- version 5.2.0
-- https://www.phpmyadmin.net/
--
-- Hôte : 127.0.0.1
-- Généré le : lun. 27 fév. 2023 à 09:12
-- Version du serveur : 10.4.27-MariaDB
-- Version de PHP : 8.2.0

SET SQL_MODE = "NO_AUTO_VALUE_ON_ZERO";
START TRANSACTION;
SET time_zone = "+00:00";


/*!40101 SET @OLD_CHARACTER_SET_CLIENT=@@CHARACTER_SET_CLIENT */;
/*!40101 SET @OLD_CHARACTER_SET_RESULTS=@@CHARACTER_SET_RESULTS */;
/*!40101 SET @OLD_COLLATION_CONNECTION=@@COLLATION_CONNECTION */;
/*!40101 SET NAMES utf8mb4 */;

--
-- Base de données : `gmae`
--

-- --------------------------------------------------------

--
-- Structure de la table `acteurs`
--

CREATE TABLE `acteurs` (
  `id_acteur` int(11) NOT NULL,
  `acteur` varchar(255) NOT NULL,
  `description` text NOT NULL,
  `logo` varchar(1000) DEFAULT NULL
) ENGINE=InnoDB DEFAULT CHARSET=utf8mb4 COLLATE=utf8mb4_general_ci;

--
-- Déchargement des données de la table `acteurs`
--

INSERT INTO `acteurs` (`id_acteur`, `acteur`, `description`, `logo`) VALUES
(1, 'Formation&co', 'Formation&co est une association française présente sur tout le territoire. Nous proposons à des personnes issues de tout milieu de devenir entrepreneur grâce à un crédit et un accompagnement professionnel et personnalisé. Notre proposition :  - un financement jusqu’à 30 000€ ; - un suivi personnalisé et gratuit ; - une lutte acharnée contre les freins sociétaux et les stéréotypes.  Le financement est possible, peu importe le métier : coiffeur, banquier, éleveur de chèvres… . Nous collaborons avec des personnes talentueuses et motivées. Vous n’avez pas de diplômes ? Ce n’est pas un problème pour nous ! Nos financements s’adressent à tous.', NULL),
(2, 'Protectpeople', 'Protectpeople finance la solidarité nationale.\r\nNous appliquons le principe édifié par la Sécurité sociale française en 1945 : permettre à chacun de bénéficier d’une protection sociale.\r\n\r\nChez Protectpeople, chacun cotise selon ses moyens et reçoit selon ses besoins.\r\nProectecpeople est ouvert à tous, sans considération d’âge ou d’état de santé.\r\nNous garantissons un accès aux soins et une retraite.\r\nChaque année, nous collectons et répartissons 300 milliards d’euros.\r\nNotre mission est double :\r\nsociale : nous garantissons la fiabilité des données sociales ;\r\néconomique : nous apportons une contribution aux activités économiques.', NULL),
(3, 'Dsa France', 'Dsa France accélère la croissance du territoire et s’engage avec les collectivités territoriales.\r\nNous accompagnons les entreprises dans les étapes clés de leur évolution.\r\nNotre philosophie : s’adapter à chaque entreprise.\r\nNous les accompagnons pour voir plus grand et plus loin et proposons des solutions de financement adaptées à chaque étape de la vie des entreprises.', NULL),
(4, 'CDE', 'La CDE (Chambre Des Entrepreneurs) accompagne les entreprises dans leurs démarches de formation.  Son président est élu pour 3 ans par ses pairs, chefs d’entreprises et présidents des CDE.', NULL);

-- --------------------------------------------------------

--
-- Structure de la table `posts`
--

CREATE TABLE `posts` (
  `id_post` int(11) NOT NULL,
  `id_user` int(11) NOT NULL,
  `id_acteur` int(11) NOT NULL,
  `date_add` datetime NOT NULL,
  `content` text NOT NULL
) ENGINE=InnoDB DEFAULT CHARSET=utf8mb4 COLLATE=utf8mb4_general_ci;

--
-- Déchargement des données de la table `posts`
--

INSERT INTO `posts` (`id_post`, `id_user`, `id_acteur`, `date_add`, `content`) VALUES
(2, 1, 1, '2023-02-22 16:03:27', 'Trop d\'la bombe'),
(3, 1, 2, '2023-02-23 15:21:04', 'nulayèche'),
(4, 1, 3, '2023-02-23 15:21:04', 'Lorem ipsum dolor sit amet, consectetuer adipiscing elit. Aenean commodo ligula eget dolor. Aenean massa. Cum sociis natoque penatibus et magnis dis parturient montes, nascetur ridiculus mus. Donec quam felis, ultricies nec, pellentesque eu, pretium quis, sem. Nulla consequat massa quis enim. Donec pede justo, fringilla vel, aliquet nec, vulputate eget, arcu. In enim justo, rhoncus ut, imperdiet a, venenatis vitae, justo. Nullam dictum felis eu pede mollis pretium. Integer tincidunt. Cras dapibus. Vivamus elementum semper nisi. Aenean vulputate eleifend tellus. Aenean leo ligula, porttitor eu, consequat vitae, eleifend ac, enim. Aliquam lorem ante, dapibus in, viverra quis, feugiat a, tellus. Phasellus viverra nulla ut metus varius laoreet. Quisque rutrum. Aenean imperdiet. Etiam ultricies nisi vel augue. Curabitur ullamcorper ultricies nisi. Nam eget dui. Etiam rhoncus. Maecenas tempus,'),
(5, 2, 1, '2023-02-23 15:22:21', 'Sed ut perspiciatis unde omnis iste natus error sit voluptatem accusantium doloremque laudantium, totam rem aperiam, eaque ipsa quae ab illo inventore veritatis et quasi architecto beatae vitae dicta sunt explicabo. Nemo enim ipsam voluptatem quia voluptas sit aspernatur aut odit aut fugit, sed quia consequuntur magni dolores eos qui ratione voluptatem sequi nesciunt. Neque porro quisquam est, qui dolorem ipsum quia dolor sit amet, consectetur, adipisci velit, sed quia non numquam eius modi tempora incidunt ut labore et dolore magnam aliquam quaerat voluptatem. Ut enim ad minima veniam, quis nostrum exercitationem ullam corporis suscipit laboriosam, nisi ut aliquid ex ea commodi consequatur? Quis autem vel eum iure reprehenderit qui in ea voluptate velit esse quam nihil molestiae consequatur, vel illum qui dolorem eum fugiat quo voluptas nulla pariatur? At vero eos et accusamus et iusto.'),
(6, 2, 2, '2023-02-23 15:22:21', 'En se réveillant un matin après des rêves agités, Gregor Samsa se retrouva, dans son lit, métamorphosé en un monstrueux insecte. Il était sur le dos, un dos aussi dur qu’une carapace, et, en relevant un peu la tête, il vit, bombé, brun, cloisonné par des arceaux plus rigides, son abdomen sur le haut duquel la couverture, prête à glisser tout à fait, ne tenait plus qu’à peine. Ses nombreuses pattes, lamentablement grêles par comparaison avec la corpulence qu’il avait par ailleurs, grouillaient désespérément sous ses yeux.« Qu’est-ce qui m’est arrivé ? » pensa-t-il. Ce n’était pas un rêve. Sa chambre, une vraie chambre humaine, juste un peu trop petite, était là tranquille entre les quatre murs qu’il connaissait bien. Au-dessus de la table où était déballée une collection d’échantillons de tissus - Samsa était représentant de commerce - on voyait accrochée l’image qu’il avait récemment déc'),
(7, 2, 4, '2023-02-23 15:23:43', 'Voyez ce jeu exquis wallon, de graphie en kit mais bref. Portez ce vieux whisky au juge blond qui fume sur son île intérieure, à côté de l\'alcôve ovoïde, où les bûches se consument dans l\'âtre, ce qui lui permet de penser à la cænogenèse de l\'être dont il est question dans la cause ambiguë entendue à Moÿ, dans un capharnaüm qui, pense-t-il, diminue çà et là la qualité de son œuvre. Prouvez, beau juge, que le fameux sandwich au yak tue. L\'île exiguë, Où l\'obèse jury mûr Fête l\'haï volapük, Âne ex æquo au whist, Ôtez ce vœu déçu. Vieux pelage que je modifie : breitschwanz ou yak ? Dès Noël où un zéphyr haï me vêt de glaçons würmiens, je dîne d’exquis rôtis de bœuf au kir à l’aÿ d’âge mûr & cætera ! Fougueux, j\'enivre la squaw au pack de beau zythum. Ketch, yawl, jonque flambant neuve… jugez des prix ! Voyez le brick géant que j\'examine près du wharf. Portez ce vieux whisky au juge blond qu'),
(8, 3, 2, '2023-02-23 15:23:43', 'But I must explain to you how all this mistaken idea of denouncing pleasure and praising pain was born and I will give you a complete account of the system, and expound the actual teachings of the great explorer of the truth, the master-builder of human happiness. No one rejects, dislikes, or avoids pleasure itself, because it is pleasure, but because those who do not know how to pursue pleasure rationally encounter consequences that are extremely painful. Nor again is there anyone who loves or pursues or desires to obtain pain of itself, because it is pain, but because occasionally circumstances occur in which toil and pain can procure him some great pleasure. To take a trivial example, which of us ever undertakes laborious physical exercise, except to obtain some advantage from it? But who has any right to find fault with a man who chooses to enjoy a pleasure that has no annoying conse'),
(9, 3, 1, '2023-02-23 15:25:01', 'The quick, brown fox jumps over a lazy dog. DJs flock by when MTV ax quiz prog. Junk MTV quiz graced by fox whelps. Bawds jog, flick quartz, vex nymphs. Waltz, bad nymph, for quick jigs vex! Fox nymphs grab quick-jived waltz. Brick quiz whangs jumpy veldt fox. Bright vixens jump; dozy fowl quack. Quick wafting zephyrs vex bold Jim. Quick zephyrs blow, vexing daft Jim. Sex-charged fop blew my junk TV quiz. How quickly daft jumping zebras vex. Two driven jocks help fax my big quiz. Quick, Baz, get my woven flax jodhpurs! \"Now fax quiz Jack!\" my brave ghost pled. Five quacking zephyrs jolt my wax bed. Flummoxed by job, kvetching W. zaps Iraq. Cozy sphinx waves quart jug of bad milk. A very bad quack might jinx zippy fowls. Few quips galvanized the mock jury box. Quick brown dogs jump over the lazy fox. The jay, pig, fox, zebra, and my wolves quack! Blowzy red vixens fight for a quick jump..'),
(10, 3, 3, '2023-02-23 15:25:01', 'abc def ghi jkl mno pqrs tuv wxyz ABC DEF GHI JKL MNO PQRS TUV WXYZ !\"§ $%& /() =?* \'<> #|; ²³~ @`´ ©«» ¤¼× {} abc def ghi jkl mno pqrs tuv wxyz ABC DEF GHI JKL MNO PQRS TUV WXYZ !\"§ $%& /() =?* \'<> #|; ²³~ @`´ ©«» ¤¼× {} abc def ghi jkl mno pqrs tuv wxyz ABC DEF GHI JKL MNO PQRS TUV WXYZ !\"§ $%& /() =?* \'<> #|; ²³~ @`´ ©«» ¤¼× {} abc def ghi jkl mno pqrs tuv wxyz ABC DEF GHI JKL MNO PQRS TUV WXYZ !\"§ $%& /() =?* \'<> #|; ²³~ @`´ ©«» ¤¼× {} abc def ghi jkl mno pqrs tuv wxyz ABC DEF GHI JKL MNO PQRS TUV WXYZ !\"§ $%& /() =?* \'<> #|; ²³~ @`´ ©«» ¤¼× {} abc def ghi jkl mno pqrs tuv wxyz ABC DEF GHI JKL MNO PQRS TUV WXYZ !\"§ $%& /() =?* \'<> #|; ²³~ @`´ ©«» ¤¼× {} abc def ghi jkl mno pqrs tuv wxyz ABC DEF GHI JKL MNO PQRS TUV WXYZ !\"§ $%& /() =?* \'<> #|; ²³~ @`´ ©«» ¤¼× {} abc def ghi jkl mno pqrs tuv wxyz ABC DEF GHI JKL MNO PQRS TUV WXYZ !\"§ $%& /() =?* \'<> #|; ²³~ @`´ ©«» ¤¼× {} abc def ghi.');

-- --------------------------------------------------------

--
-- Structure de la table `users`
--

CREATE TABLE `users` (
  `id_user` int(11) NOT NULL,
  `username` varchar(255) NOT NULL,
  `email` varchar(255) NOT NULL,
  `password` varchar(255) NOT NULL,
  `nom` varchar(255) NOT NULL,
  `prenom` varchar(255) NOT NULL,
  `reponse` varchar(255) NOT NULL
) ENGINE=InnoDB DEFAULT CHARSET=utf8mb4 COLLATE=utf8mb4_general_ci;

--
-- Déchargement des données de la table `users`
--

INSERT INTO `users` (`id_user`, `username`, `email`, `password`, `nom`, `prenom`, `reponse`) VALUES
(1, 'oskour', 'os@kour.com', 'oskour', 'Kour', 'Os', 'Kourros'),
(2, 'machin', 'ma@chin.com', 'machin', 'Chin', 'Ma', 'Chinma'),
(3, 'bidule', 'bi@dule.com', 'bidule', 'Dule', 'Bi', 'Dulebi'),
(4, 'trucmuche', 'truc@muche.com', 'trucmuche', 'Muche', 'Truc', 'Muchetruc'),
(5, 'abdelkader', 'abdel@kader.com', 'abdelkader', 'Kader', 'Abdel', 'Kaderabdel'),
(6, 'jeanmichel', 'jean@michel.com', 'jeanmichel', 'Michel', 'Jean', 'Micheljean');

-- --------------------------------------------------------

--
-- Structure de la table `votes`
--

CREATE TABLE `votes` (
  `id_vote` int(11) NOT NULL,
  `id_acteur` int(11) NOT NULL,
  `id_user` int(11) NOT NULL,
  `vote` int(1) NOT NULL
) ENGINE=InnoDB DEFAULT CHARSET=utf8mb4 COLLATE=utf8mb4_general_ci;

--
-- Déchargement des données de la table `votes`
--

INSERT INTO `votes` (`id_vote`, `id_acteur`, `id_user`, `vote`) VALUES
(2, 1, 1, 1),
(3, 2, 1, 0),
(4, 1, 3, 1),
(5, 1, 4, 0),
(6, 1, 4, 1),
(7, 2, 2, 0),
(8, 2, 3, 0),
(9, 2, 5, 1);

--
-- Index pour les tables déchargées
--

--
-- Index pour la table `acteurs`
--
ALTER TABLE `acteurs`
  ADD PRIMARY KEY (`id_acteur`),
  ADD UNIQUE KEY `acteur` (`acteur`);

--
-- Index pour la table `posts`
--
ALTER TABLE `posts`
  ADD PRIMARY KEY (`id_post`),
  ADD KEY `id_user` (`id_user`),
  ADD KEY `id_acteur` (`id_acteur`);

--
-- Index pour la table `users`
--
ALTER TABLE `users`
  ADD PRIMARY KEY (`id_user`),
  ADD UNIQUE KEY `username` (`username`,`email`);

--
-- Index pour la table `votes`
--
ALTER TABLE `votes`
  ADD PRIMARY KEY (`id_vote`),
  ADD KEY `id_acteur` (`id_acteur`),
  ADD KEY `id_user` (`id_user`);

--
-- AUTO_INCREMENT pour les tables déchargées
--

--
-- AUTO_INCREMENT pour la table `acteurs`
--
ALTER TABLE `acteurs`
  MODIFY `id_acteur` int(11) NOT NULL AUTO_INCREMENT, AUTO_INCREMENT=5;

--
-- AUTO_INCREMENT pour la table `posts`
--
ALTER TABLE `posts`
  MODIFY `id_post` int(11) NOT NULL AUTO_INCREMENT, AUTO_INCREMENT=11;

--
-- AUTO_INCREMENT pour la table `users`
--
ALTER TABLE `users`
  MODIFY `id_user` int(11) NOT NULL AUTO_INCREMENT, AUTO_INCREMENT=7;

--
-- AUTO_INCREMENT pour la table `votes`
--
ALTER TABLE `votes`
  MODIFY `id_vote` int(11) NOT NULL AUTO_INCREMENT, AUTO_INCREMENT=10;

--
-- Contraintes pour les tables déchargées
--

--
-- Contraintes pour la table `posts`
--
ALTER TABLE `posts`
  ADD CONSTRAINT `posts_ibfk_1` FOREIGN KEY (`id_user`) REFERENCES `users` (`id_user`) ON DELETE NO ACTION ON UPDATE NO ACTION,
  ADD CONSTRAINT `posts_ibfk_2` FOREIGN KEY (`id_acteur`) REFERENCES `acteurs` (`id_acteur`) ON DELETE NO ACTION ON UPDATE NO ACTION;

--
-- Contraintes pour la table `votes`
--
ALTER TABLE `votes`
  ADD CONSTRAINT `votes_ibfk_1` FOREIGN KEY (`id_user`) REFERENCES `users` (`id_user`) ON DELETE NO ACTION ON UPDATE NO ACTION,
  ADD CONSTRAINT `votes_ibfk_2` FOREIGN KEY (`id_acteur`) REFERENCES `acteurs` (`id_acteur`) ON DELETE NO ACTION ON UPDATE NO ACTION;
COMMIT;

/*!40101 SET CHARACTER_SET_CLIENT=@OLD_CHARACTER_SET_CLIENT */;
/*!40101 SET CHARACTER_SET_RESULTS=@OLD_CHARACTER_SET_RESULTS */;
/*!40101 SET COLLATION_CONNECTION=@OLD_COLLATION_CONNECTION */;
